<?xml version="1.0" encoding="UTF-8"?>  
<!-- 查找最新的schemaLocation 访问 http://www.springframework.org/schema/ -->
<beans xmlns="http://www.springframework.org/schema/beans"   
       xmlns:context="http://www.springframework.org/schema/context"
       xmlns:mvc="http://www.springframework.org/schema/mvc"   
       xmlns:xsi="http://www.w3.org/2001/XMLSchema-instance"
       xsi:schemaLocation="http://www.springframework.org/schema/beans
        http://www.springframework.org/schema/beans/spring-beans-4.0.xsd   
        http://www.springframework.org/schema/context   
        http://www.springframework.org/schema/context/spring-context-4.0.xsd   
        http://www.springframework.org/schema/mvc   
        http://www.springframework.org/schema/mvc/spring-mvc-4.0.xsd">

<!--    <mvc:default-servlet-handler />-->
    <mvc:resources mapping="/js/**" location="/js/"/>
    <mvc:annotation-driven
            content-negotiation-manager="contentNegotiationManager" />

    <context:component-scan base-package="cn.enjoyedu">
        <context:include-filter type="annotation"
                                expression="org.springframework.stereotype.Controller" />
    </context:component-scan>


    <bean id="stringHttpMessageConverter"
          class="org.springframework.http.converter.StringHttpMessageConverter">
        <property name="supportedMediaTypes">
            <list>
                <bean class="org.springframework.http.MediaType">
                    <constructor-arg index="0" value="text" />
                    <constructor-arg index="1" value="plain" />
                    <constructor-arg index="2" value="UTF-8" />
                </bean>
            </list>
        </property>
    </bean>
    <bean id="mappingJacksonHttpMessageConverter"
          class="org.springframework.http.converter.json.MappingJackson2HttpMessageConverter" />

    <bean
            class="org.springframework.web.servlet.mvc.annotation.AnnotationMethodHandlerAdapter">
        <property name="messageConverters">
            <list>
                <ref bean="stringHttpMessageConverter" />
                <ref bean="mappingJacksonHttpMessageConverter" />
            </list>
        </property>
    </bean>

    <bean id="contentNegotiationManager"
          class="org.springframework.web.accept.ContentNegotiationManagerFactoryBean">
        <property name="mediaTypes">
            <map>
                <entry key="html" value="text/html" />
                <entry key="pdf" value="application/pdf" />
                <entry key="xsl" value="application/vnd.ms-excel" />
                <entry key="xml" value="application/xml" />
                <entry key="json" value="application/json" />
            </map>
        </property>
        <property name="defaultContentType" value="text/html" />
    </bean>

    <bean id="viewResolver"
          class="org.springframework.web.servlet.view.ContentNegotiatingViewResolver">
        <property name="order" value="0" />
        <property name="contentNegotiationManager" ref="contentNegotiationManager" />

        <property name="viewResolvers">
            <list>
                <bean class="org.springframework.web.servlet.view.BeanNameViewResolver" />
                <bean
                        class="org.springframework.web.servlet.view.InternalResourceViewResolver">
                    <property name="viewClass"
                              value="org.springframework.web.servlet.view.JstlView" />
                    <property name="prefix" value="/WEB-INF/pages/" />
                    <property name="suffix" value=".jsp"></property>
                </bean>
            </list>
        </property>

        <property name="defaultViews">
            <list>
                <bean
                        class="org.springframework.web.servlet.view.json.MappingJackson2JsonView">
                    <property name="extractValueFromSingleKeyModel" value="true" />
                </bean>
            </list>
        </property>
    </bean>
    
</beans>  